method,text_id,category,language,complexity,text_length,word_count,extracted_keywords,expected_keywords,accuracy,confidence_score,processing_time,memory_usage,keywords_count,success,metadata
spacy_yake,social_media_en,social_media,en,high,171,20,"['sustainablefashion trends', 'discovered', 'sustainablefashion', 'trends', 'ecofriendly', 'fashiontech', '@patagonia', 'fashiontech', 'patagonia', 'amazing', 'materials', 'Just discovered #sustainablefashion trends', ""@patagonia's new eco-line"", 'The collection', 'organic cotton', 'recycled materials', 'recycled materials', 'eco-line', 'collection', 'features', 'organic', 'cotton', 'recycled', 'collection features', 'features organic', 'organic cotton']","['sustainable fashion', 'patagonia', 'eco-line', 'organic cotton', 'recycled materials', 'ecofriendly', 'fashiontech']",1.157142857142857,1.0,0.017921924591064453,2.265625,26,True,"{'method': 'spacy_yake', 'entities_count': 2, 'noun_chunks_count': 5, 'yake_keywords_count': 19, 'total_candidates': 26, 'final_count': 26}"
rake_nltk,social_media_en,social_media,en,high,171,20,"['line is', 'is amazing', 'amazing 🌱', '🌱 the', 'the collection', 'collection features', 'features organic', 'organic cotton', 'cotton and', 'and recycled', 'recycled materials', 'sustainablefashion trends', 'new eco', 'just discovered', 'patagonia', 'fashiontech', 'ecofriendly']","['sustainable fashion', 'patagonia', 'eco-line', 'organic cotton', 'recycled materials', 'ecofriendly', 'fashiontech']",0.7142857142857143,1.0,0.010499954223632812,3.375,17,True,"{'total_phrases': 7, 'method': 'rake_nltk', 'language': 'en'}"
textrank,social_media_en,social_media,en,high,171,20,[],"['sustainable fashion', 'patagonia', 'eco-line', 'organic cotton', 'recycled materials', 'ecofriendly', 'fashiontech']",0.0,0.0,0.042609214782714844,42.796875,0,False,"{'error': ""name 'Counter' is not defined"", 'method': 'textrank'}"
tf_idf,social_media_en,social_media,en,high,171,20,"['just discovered sustainablefashion trends patagonia s new eco line is amazing the collection features organic cotton and recycled materials ecofriendly fashiontech', 'amazing the', 'amazing the collection', 'and recycled', 'and recycled materials', 'collection features', 'collection features organic', 'cotton and', 'cotton and recycled', 'discovered sustainablefashion', 'discovered sustainablefashion trends', 'eco line', 'eco line is', 'ecofriendly fashiontech', 'features organic', 'features organic cotton', 'is amazing', 'is amazing the', 'just discovered', 'just discovered sustainablefashion']","['sustainable fashion', 'patagonia', 'eco-line', 'organic cotton', 'recycled materials', 'ecofriendly', 'fashiontech']",0.21428571428571427,0.06439024390243903,0.001241922378540039,0.328125,20,True,"{'method': 'tf_idf_enhanced', 'vocab_size': 40, 'corpus_size': 41, 'ngram_range': '(1,3)'}"
keybert,social_media_en,social_media,en,high,171,20,"['patagonia new', 'trends', 'eco line', 'discovered sustainablefashion', 'cotton recycled']","['sustainable fashion', 'patagonia', 'eco-line', 'organic cotton', 'recycled materials', 'ecofriendly', 'fashiontech']",0.04285714285714285,0.73528,9.20607590675354,179.828125,5,False,"{'method': 'keybert_semantic', 'model': 'all-MiniLM-L6-v2', 'diversity': 0.5}"
hybrid_ensemble,social_media_en,social_media,en,high,171,20,"['recycled materials', 'organic cotton', 'The collection', 'collection features', 'features organic', 'is amazing', 'cotton and', 'and recycled', 'line is', 'amazing 🌱', '🌱 the', 'sustainablefashion trends', 'fashiontech', 'just discovered', 'new eco', 'ecofriendly', 'discovered', 'sustainablefashion', 'trends', 'patagonia', '@patagonia', 'amazing', 'materials', 'Just discovered #sustainablefashion trends', ""@patagonia's new eco-line""]","['sustainable fashion', 'patagonia', 'eco-line', 'organic cotton', 'recycled materials', 'ecofriendly', 'fashiontech']",0.7571428571428571,0.9347967479674797,0.020551204681396484,0.0,25,True,"{'method': 'hybrid_ensemble', 'methods_used': ['spacy_yake', 'rake_nltk', 'tf_idf'], 'consensus_score': np.float64(0.9347967479674797), 'total_methods': 3}"
spacy_yake,social_media_en,social_media,en,medium,129,17,"['targeting Gen', 'brands targeting', 'beautytech', 'genz', 'digital', 'beauty brands', 'influencer marketing', 'Gen', 'influencer', 'marketing', 'beauty', 'insights', 'brands', 'targeting', 'Gen Z', 'beautytech', 'influencer marketing', 'beauty brands', 'beauty #marketing']","['influencer marketing', 'beauty brands', 'gen z', 'beautytech', 'beauty', 'marketing', 'digital']",1.3,1.0,0.009415864944458008,0.03125,19,True,"{'method': 'spacy_yake', 'entities_count': 2, 'noun_chunks_count': 3, 'yake_keywords_count': 14, 'total_candidates': 19, 'final_count': 19}"
rake_nltk,social_media_en,social_media,en,medium,129,17,"['need insights', 'insights on', 'on influencer', 'influencer marketing', 'marketing for', 'for beauty', 'beauty brands', 'brands targeting', 'targeting gen', 'gen z', 'marketing', 'influencer', 'beauty', 'genz', 'digital', 'beautytech']","['influencer marketing', 'beauty brands', 'gen z', 'beautytech', 'beauty', 'marketing', 'digital']",1.0,1.0,0.00024700164794921875,0.0,16,True,"{'total_phrases': 7, 'method': 'rake_nltk', 'language': 'en'}"
textrank,social_media_en,social_media,en,medium,129,17,[],"['influencer marketing', 'beauty brands', 'gen z', 'beautytech', 'beauty', 'marketing', 'digital']",0.0,0.0,0.0016520023345947266,0.0,0,False,"{'error': ""name 'Counter' is not defined"", 'method': 'textrank'}"
tf_idf,social_media_en,social_media,en,medium,129,17,"['need insights on influencer marketing for beauty brands targeting gen z beautytech influencer genz beauty marketing digital', 'beauty brands', 'beauty brands targeting', 'beauty marketing', 'beauty marketing digital', 'beautytech influencer', 'beautytech influencer genz', 'brands targeting', 'brands targeting gen', 'for beauty', 'for beauty brands', 'gen z', 'gen z beautytech', 'genz beauty', 'genz beauty marketing', 'influencer genz', 'influencer genz beauty', 'influencer marketing', 'influencer marketing for', 'insights on']","['influencer marketing', 'beauty brands', 'gen z', 'beautytech', 'beauty', 'marketing', 'digital']",0.6,0.08,0.0008890628814697266,0.0,20,True,"{'method': 'tf_idf_enhanced', 'vocab_size': 32, 'corpus_size': 33, 'ngram_range': '(1,3)'}"
keybert,social_media_en,social_media,en,medium,129,17,"['targeting', 'genz', 'marketing digital', 'insights influencer', 'beauty brands']","['influencer marketing', 'beauty brands', 'gen z', 'beautytech', 'beauty', 'marketing', 'digital']",0.2714285714285714,0.7407400000000001,0.3469512462615967,11.390625,5,True,"{'method': 'keybert_semantic', 'model': 'all-MiniLM-L6-v2', 'diversity': 0.5}"
hybrid_ensemble,social_media_en,social_media,en,medium,129,17,"['beauty brands', 'influencer marketing', 'targeting Gen', 'brands targeting', 'Gen Z', 'insights on', 'for beauty', 'need insights', 'on influencer', 'marketing for', 'influencer', 'marketing', 'beauty', 'beautytech', 'genz', 'digital', 'Gen', 'insights', 'brands', 'targeting', 'beauty #marketing', 'need insights on influencer marketing for beauty brands targeting gen z beautytech influencer genz beauty marketing digital', 'beauty brands targeting', 'beauty marketing', 'beauty marketing digital']","['influencer marketing', 'beauty brands', 'gen z', 'beautytech', 'beauty', 'marketing', 'digital']",1.0,0.9457142857142857,0.010360002517700195,0.0,25,True,"{'method': 'hybrid_ensemble', 'methods_used': ['spacy_yake', 'rake_nltk', 'tf_idf'], 'consensus_score': np.float64(0.9457142857142857), 'total_methods': 3}"
spacy_yake,social_media_vi,social_media,vi,high,148,27,"['Việt Nam', 'tại Việt', 'Nam', 'hướng thời', 'thời trang', 'trang bền', 'bền vững', 'vững tại', 'Việt', 'thoitrangbenvung', 'ecofriendly', 'vietnam', 'Các thương', 'Các', 'Xu', 'Việt Nam', 'đang sử', 'vietnam', 'hướng', 'thời', 'trang', 'bền', 'vững', 'tại', 'nghệ xanh', 'xanh', 'Xu hướng', 'thương', 'hiệu', 'đang']","['xu hướng thời trang', 'bền vững', 'việt nam', 'thương hiệu', 'vật liệu tái chế', 'công nghệ xanh', 'thoitrangbenvung', 'ecofriendly']",0.7,1.0,0.01396489143371582,0.0,30,True,"{'method': 'spacy_yake', 'entities_count': 4, 'noun_chunks_count': 1, 'yake_keywords_count': 30, 'total_candidates': 35, 'final_count': 30}"
rake_nltk,social_media_vi,social_media,vi,high,148,27,"['🌱 các', 'các thương', 'thương hiệu', 'hiệu đang', 'đang sử', 'sử dụng', 'dụng vật', 'vật liệu', 'liệu tái', 'tái chế', 'chế và', 'và công', 'công nghệ', 'nghệ xanh', 'xu hướng', 'hướng thời', 'thời trang', 'trang bền', 'bền vững', 'vững tại']","['xu hướng thời trang', 'bền vững', 'việt nam', 'thương hiệu', 'vật liệu tái chế', 'công nghệ xanh', 'thoitrangbenvung', 'ecofriendly']",0.3625,1.0,0.0002830028533935547,0.0,20,True,"{'total_phrases': 5, 'method': 'rake_nltk', 'language': 'en'}"
textrank,social_media_vi,social_media,vi,high,148,27,[],"['xu hướng thời trang', 'bền vững', 'việt nam', 'thương hiệu', 'vật liệu tái chế', 'công nghệ xanh', 'thoitrangbenvung', 'ecofriendly']",0.0,0.0,0.0012128353118896484,0.0,0,False,"{'error': ""name 'Counter' is not defined"", 'method': 'textrank'}"
tf_idf,social_media_vi,social_media,vi,high,148,27,"['nam', 'trang', 'xu', 'xanh thoitrangbenvung', 'xanh', 'ecofriendly vietnam', 'thoitrangbenvung ecofriendly', 'thoitrangbenvung ecofriendly vietnam', 'xanh thoitrangbenvung ecofriendly', 'xanh thoitrangbenvung ecofriendly vietnam', 'nam xanh thoitrangbenvung ecofriendly vietnam', 'trang nam', 'trang nam xanh thoitrangbenvung ecofriendly vietnam', 'xu trang', 'xu trang nam']","['xu hướng thời trang', 'bền vững', 'việt nam', 'thương hiệu', 'vật liệu tái chế', 'công nghệ xanh', 'thoitrangbenvung', 'ecofriendly']",0.1875,0.1301561346558313,0.0008392333984375,0.0,15,True,"{'method': 'tf_idf_enhanced', 'vocab_size': 15, 'corpus_size': 51, 'ngram_range': '(1,3)'}"
keybert,social_media_vi,social_media,vi,high,148,27,"['nghệ xanh', 'và công', 'thời trang', 'xu hướng', 'ecofriendly vietnam']","['xu hướng thời trang', 'bền vững', 'việt nam', 'thương hiệu', 'vật liệu tái chế', 'công nghệ xanh', 'thoitrangbenvung', 'ecofriendly']",0.11249999999999999,0.76072,0.5648248195648193,13.765625,5,True,"{'method': 'keybert_semantic', 'model': 'all-MiniLM-L6-v2', 'diversity': 0.5}"
hybrid_ensemble,social_media_vi,social_media,vi,high,148,27,"['Các thương', 'đang sử', 'nghệ xanh', '🌱 các', 'thương hiệu', 'hiệu đang', 'sử dụng', 'dụng vật', 'vật liệu', 'liệu tái', 'tái chế', 'chế và', 'và công', 'công nghệ', 'hướng thời', 'thời trang', 'trang bền', 'bền vững', 'vững tại', 'Xu hướng', 'Việt Nam', 'vietnam', 'tại Việt', 'Nam', 'Việt']","['xu hướng thời trang', 'bền vững', 'việt nam', 'thương hiệu', 'vật liệu tái chế', 'công nghệ xanh', 'thoitrangbenvung', 'ecofriendly']",0.48749999999999993,0.9533853782186105,0.015804767608642578,0.0,25,True,"{'method': 'hybrid_ensemble', 'methods_used': ['spacy_yake', 'rake_nltk', 'tf_idf'], 'consensus_score': np.float64(0.9533853782186105), 'total_methods': 3}"
spacy_yake,social_media_vi,social_media,vi,medium,111,14,"['Việt Nam', 'tại Việt', 'cho ngành', 'Marketing influencer', 'beautytech', 'digital', 'vietnam', 'influencer cho', 'ngành beauty', 'beauty tại', 'Nam', 'Marketing', 'Việt', 'influencer', 'beauty', 'cho', 'ngành', 'tại', 'cho ngành', 'Việt Nam', 'beautytech', 'vietnam', 'Marketing influencer cho']","['marketing influencer', 'ngành beauty', 'việt nam', 'beautytech', 'beauty', 'marketing', 'digital']",1.2,1.0,0.00851583480834961,0.0,23,True,"{'method': 'spacy_yake', 'entities_count': 4, 'noun_chunks_count': 1, 'yake_keywords_count': 18, 'total_candidates': 23, 'final_count': 23}"
rake_nltk,social_media_vi,social_media,vi,medium,111,14,"['marketing influencer', 'influencer cho', 'cho ngành', 'ngành beauty', 'beauty tại', 'tại việt', 'việt nam', 'marketing', 'influencer', 'beauty', 'vietnam', 'digital', 'beautytech']","['marketing influencer', 'ngành beauty', 'việt nam', 'beautytech', 'beauty', 'marketing', 'digital']",1.0,1.0,0.00019097328186035156,0.0,13,True,"{'total_phrases': 7, 'method': 'rake_nltk', 'language': 'en'}"
textrank,social_media_vi,social_media,vi,medium,111,14,[],"['marketing influencer', 'ngành beauty', 'việt nam', 'beautytech', 'beauty', 'marketing', 'digital']",0.0,0.0,0.0007448196411132812,0.0,0,False,"{'error': ""name 'Counter' is not defined"", 'method': 'textrank'}"
tf_idf,social_media_vi,social_media,vi,medium,111,14,"['beauty', 'influencer cho', 'nam beautytech', 'nam', 'marketing influencer cho', 'cho', 'beauty marketing', 'beauty marketing digital', 'beautytech influencer', 'beautytech influencer beauty', 'digital vietnam', 'influencer beauty', 'influencer beauty marketing', 'marketing digital', 'marketing digital vietnam', 'marketing influencer', 'nam beautytech influencer', 'nam beautytech influencer beauty marketing digital vietnam', 'beauty nam beautytech influencer beauty marketing digital vietnam', 'marketing influencer cho beauty']","['marketing influencer', 'ngành beauty', 'việt nam', 'beautytech', 'beauty', 'marketing', 'digital']",0.5,0.22330344108418015,0.0008666515350341797,0.03125,20,True,"{'method': 'tf_idf_enhanced', 'vocab_size': 22, 'corpus_size': 27, 'ngram_range': '(1,3)'}"
keybert,social_media_vi,social_media,vi,medium,111,14,"['việt nam', 'marketing digital', 'cho ngành', 'beautytech', 'influencer']","['marketing influencer', 'ngành beauty', 'việt nam', 'beautytech', 'beauty', 'marketing', 'digital']",0.4571428571428571,0.76826,0.06652498245239258,3.9375,5,True,"{'method': 'keybert_semantic', 'model': 'all-MiniLM-L6-v2', 'diversity': 0.5}"
hybrid_ensemble,social_media_vi,social_media,vi,medium,111,14,"['Việt Nam', 'cho ngành', 'tại Việt', 'Marketing influencer', 'influencer cho', 'ngành beauty', 'beauty tại', 'Marketing', 'beauty', 'influencer', 'beautytech', 'vietnam', 'digital', 'Nam', 'Việt', 'cho', 'ngành', 'tại', 'Marketing influencer cho', 'nam beautytech', 'beauty marketing', 'beauty marketing digital', 'beautytech influencer', 'beautytech influencer beauty', 'digital vietnam']","['marketing influencer', 'ngành beauty', 'việt nam', 'beautytech', 'beauty', 'marketing', 'digital']",1.0,0.9976668035937167,0.009802818298339844,0.359375,25,True,"{'method': 'hybrid_ensemble', 'methods_used': ['spacy_yake', 'rake_nltk', 'tf_idf'], 'consensus_score': np.float64(0.9976668035937167), 'total_methods': 3}"
spacy_yake,business_en,business,en,high,202,31,"['power technologies', 'sector shows', 'shows significant', 'significant growth', 'wind power', 'Market analysis', 'renewable energy', 'energy sector', 'market share', 'Market', 'technologies', 'energy reached', 'energy', 'solar', 'clean energy', 'solar leading', 'analysis', 'renewable', 'sector', 'shows', 'significant', 'growth', 'wind', 'power', '$500 billion', '45%', 'Investment', 'reached', 'billion', 'share']","['market analysis', 'renewable energy', 'solar power', 'wind power', 'investment', 'clean energy', 'market share']",0.8999999999999999,1.0,0.025743722915649414,0.078125,30,True,"{'method': 'spacy_yake', 'entities_count': 2, 'noun_chunks_count': 5, 'yake_keywords_count': 30, 'total_candidates': 37, 'final_count': 30}"
rake_nltk,business_en,business,en,high,202,31,"['market analysis', 'analysis of', 'of renewable', 'renewable energy', 'energy sector', 'sector shows', 'shows significant', 'significant growth', 'growth in', 'in solar', 'solar and', 'and wind', 'wind power', 'power technologies', 'investment in', 'in clean', 'clean energy', 'energy reached', 'with solar', 'solar leading']","['market analysis', 'renewable energy', 'solar power', 'wind power', 'investment', 'clean energy', 'market share']",0.6142857142857142,1.0,0.0002911090850830078,0.0,20,True,"{'total_phrases': 5, 'method': 'rake_nltk', 'language': 'en'}"
textrank,business_en,business,en,high,202,31,[],"['market analysis', 'renewable energy', 'solar power', 'wind power', 'investment', 'clean energy', 'market share']",0.0,0.0,0.001107931137084961,0.0,0,False,"{'error': ""name 'Counter' is not defined"", 'method': 'textrank'}"
tf_idf,business_en,business,en,high,202,31,"['billion in', 'market share', 'energy reached', 'leading at', 'with solar', 'market', 'billion', 'reached', 'analysis of', 'analysis of renewable', 'and wind', 'and wind power', 'clean energy', 'clean energy reached', 'energy sector', 'energy sector shows', 'growth in', 'growth in solar', 'in clean', 'in clean energy']","['market analysis', 'renewable energy', 'solar power', 'wind power', 'investment', 'clean energy', 'market share']",0.3714285714285714,0.07724615975361684,0.0008299350738525391,0.0,20,True,"{'method': 'tf_idf_enhanced', 'vocab_size': 55, 'corpus_size': 61, 'ngram_range': '(1,3)'}"
keybert,business_en,business,en,high,202,31,"['billion 2023', 'market analysis', 'clean energy', 'wind power', 'growth solar']","['market analysis', 'renewable energy', 'solar power', 'wind power', 'investment', 'clean energy', 'market share']",0.42857142857142855,0.67678,0.41105103492736816,21.0,5,True,"{'method': 'keybert_semantic', 'model': 'all-MiniLM-L6-v2', 'diversity': 0.5}"
hybrid_ensemble,business_en,business,en,high,202,31,"['power technologies', 'sector shows', 'shows significant', 'significant growth', 'wind power', 'Market analysis', 'energy sector', 'renewable energy', 'analysis of', 'growth in', 'and wind', 'of renewable', 'in solar', 'solar and', 'energy reached', 'clean energy', 'solar leading', 'in clean', 'investment in', 'with solar', 'market share', 'Market', 'technologies', 'energy', 'solar']","['market analysis', 'renewable energy', 'solar power', 'wind power', 'investment', 'clean energy', 'market share']",0.8,0.942060776655461,0.026255130767822266,0.53125,25,True,"{'method': 'hybrid_ensemble', 'methods_used': ['spacy_yake', 'rake_nltk', 'tf_idf'], 'consensus_score': np.float64(0.942060776655461), 'total_methods': 3}"
spacy_yake,business_vi,business,vi,high,178,38,"['Việt Nam', 'tại Việt', 'Nam cho', 'Phân tích', 'năng lượng', 'tích thị', 'thị trường', 'tái tạo', 'tạo tại', 'cho thấy', 'thấy tăng', 'tăng trưởng', 'trưởng mạnh', 'trong công', 'công nghệ', 'mặt trời', 'trường năng', 'lượng tái', 'nghệ năng', 'lượng mặt', 'Việt', 'Nam', 'năng', 'lượng', 'Phân', 'gió', 'vào năng', 'lượng sạch', 'sạch đạt', 'đồng năm']","['phân tích thị trường', 'năng lượng tái tạo', 'việt nam', 'công nghệ năng lượng', 'mặt trời', 'gió', 'đầu tư', 'năng lượng sạch']",0.5249999999999999,1.0,0.018743038177490234,0.046875,30,True,"{'method': 'spacy_yake', 'entities_count': 2, 'noun_chunks_count': 2, 'yake_keywords_count': 30, 'total_candidates': 34, 'final_count': 30}"
rake_nltk,business_vi,business,vi,high,178,38,"['phân tích', 'tích thị', 'thị trường', 'trường năng', 'năng lượng', 'lượng tái', 'tái tạo', 'tạo tại', 'tại việt', 'việt nam', 'nam cho', 'cho thấy', 'thấy tăng', 'tăng trưởng', 'trưởng mạnh', 'mạnh mẽ', 'mẽ trong', 'trong công', 'công nghệ', 'nghệ năng']","['phân tích thị trường', 'năng lượng tái tạo', 'việt nam', 'công nghệ năng lượng', 'mặt trời', 'gió', 'đầu tư', 'năng lượng sạch']",0.275,1.0,0.00036787986755371094,0.0,20,True,"{'total_phrases': 2, 'method': 'rake_nltk', 'language': 'en'}"
textrank,business_vi,business,vi,high,178,38,[],"['phân tích thị trường', 'năng lượng tái tạo', 'việt nam', 'công nghệ năng lượng', 'mặt trời', 'gió', 'đầu tư', 'năng lượng sạch']",0.0,0.0,0.00140380859375,0.0,0,False,"{'error': ""name 'Counter' is not defined"", 'method': 'textrank'}"
tf_idf,business_vi,business,vi,high,178,38,"['trong', 'nam cho', 'cho', 'nam', 'nam cho trong']","['phân tích thị trường', 'năng lượng tái tạo', 'việt nam', 'công nghệ năng lượng', 'mặt trời', 'gió', 'đầu tư', 'năng lượng sạch']",0.0375,0.09624732184573957,0.0008919239044189453,0.0,5,False,"{'method': 'tf_idf_enhanced', 'vocab_size': 5, 'corpus_size': 75, 'ngram_range': '(1,3)'}"
keybert,business_vi,business,vi,high,178,38,"['đạt 500', 'tăng trưởng', 'phân tích', 'vào năng', 'lượng mặt']","['phân tích thị trường', 'năng lượng tái tạo', 'việt nam', 'công nghệ năng lượng', 'mặt trời', 'gió', 'đầu tư', 'năng lượng sạch']",0.0375,0.7862999999999999,0.7051608562469482,19.96875,5,False,"{'method': 'keybert_semantic', 'model': 'all-MiniLM-L6-v2', 'diversity': 0.5}"
hybrid_ensemble,business_vi,business,vi,high,178,38,"['Nam cho', 'Việt Nam', 'tại Việt', 'Phân tích', 'năng lượng', 'tích thị', 'thị trường', 'tái tạo', 'tạo tại', 'cho thấy', 'thấy tăng', 'tăng trưởng', 'trưởng mạnh', 'trong công', 'công nghệ', 'trường năng', 'lượng tái', 'nghệ năng', 'mạnh mẽ', 'mẽ trong', 'mặt trời', 'lượng mặt', 'Nam', 'Việt', 'năng']","['phân tích thị trường', 'năng lượng tái tạo', 'việt nam', 'công nghệ năng lượng', 'mặt trời', 'gió', 'đầu tư', 'năng lượng sạch']",0.39999999999999997,0.9511300596628656,0.02014613151550293,0.40625,25,True,"{'method': 'hybrid_ensemble', 'methods_used': ['spacy_yake', 'rake_nltk', 'tf_idf'], 'consensus_score': np.float64(0.9511300596628656), 'total_methods': 3}"
spacy_yake,technical_en,technical,en,high,174,20,"['Machine learning', 'sentiment analysis', 'learning algorithms', 'natural language', 'language processing', 'processing applications', 'social media', 'media sentiment', 'Machine', 'analysis', 'learning', 'algorithms', 'natural', 'language', 'processing', 'applications', 'social', 'media', 'sentiment', 'attention mechanisms', 'Implementation', 'mechanisms', 'Machine learning algorithms', 'natural language processing applications', 'social media sentiment analysis', 'transformer models', 'attention mechanisms', 'transformer', 'models', 'attention']","['machine learning', 'algorithms', 'natural language processing', 'social media', 'sentiment analysis', 'transformer models', 'attention mechanisms']",1.0,1.0,0.024845123291015625,0.0,30,True,"{'method': 'spacy_yake', 'entities_count': 0, 'noun_chunks_count': 5, 'yake_keywords_count': 26, 'total_candidates': 31, 'final_count': 30}"
rake_nltk,technical_en,technical,en,high,174,20,"['machine learning', 'learning algorithms', 'algorithms for', 'for natural', 'natural language', 'language processing', 'processing applications', 'applications in', 'in social', 'social media', 'media sentiment', 'sentiment analysis', 'implementation using', 'using transformer', 'transformer models', 'models and', 'and attention', 'attention mechanisms']","['machine learning', 'algorithms', 'natural language processing', 'social media', 'sentiment analysis', 'transformer models', 'attention mechanisms']",0.8,1.0,0.0002808570861816406,0.0,18,True,"{'total_phrases': 2, 'method': 'rake_nltk', 'language': 'en'}"
textrank,technical_en,technical,en,high,174,20,[],"['machine learning', 'algorithms', 'natural language processing', 'social media', 'sentiment analysis', 'transformer models', 'attention mechanisms']",0.0,0.0,0.000904083251953125,0.0,0,False,"{'error': ""name 'Counter' is not defined"", 'method': 'textrank'}"
tf_idf,technical_en,technical,en,high,174,20,"['machine learning algorithms for natural language processing applications in social media sentiment analysis implementation using transformer models and attention mechanisms', 'algorithms for', 'algorithms for natural', 'analysis implementation', 'analysis implementation using', 'and attention', 'and attention mechanisms', 'applications in', 'applications in social', 'attention mechanisms', 'for natural', 'for natural language', 'implementation using', 'implementation using transformer', 'in social', 'in social media', 'language processing', 'language processing applications', 'learning algorithms', 'learning algorithms for']","['machine learning', 'algorithms', 'natural language processing', 'social media', 'sentiment analysis', 'transformer models', 'attention mechanisms']",0.39999999999999997,0.06769230769230769,0.0008111000061035156,0.0,20,True,"{'method': 'tf_idf_enhanced', 'vocab_size': 38, 'corpus_size': 39, 'ngram_range': '(1,3)'}"
keybert,technical_en,technical,en,high,174,20,"['implementation', 'algorithms natural', 'attention mechanisms', 'using transformer', 'media sentiment']","['machine learning', 'algorithms', 'natural language processing', 'social media', 'sentiment analysis', 'transformer models', 'attention mechanisms']",0.1857142857142857,0.58564,0.07219409942626953,4.6875,5,True,"{'method': 'keybert_semantic', 'model': 'all-MiniLM-L6-v2', 'diversity': 0.5}"
hybrid_ensemble,technical_en,technical,en,high,174,20,"['Machine learning', 'sentiment analysis', 'learning algorithms', 'language processing', 'natural language', 'processing applications', 'social media', 'media sentiment', 'algorithms for', 'for natural', 'applications in', 'in social', 'attention mechanisms', 'transformer models', 'implementation using', 'and attention', 'using transformer', 'models and', 'Machine', 'analysis', 'learning', 'algorithms', 'natural', 'language', 'processing']","['machine learning', 'algorithms', 'natural language processing', 'social media', 'sentiment analysis', 'transformer models', 'attention mechanisms']",0.8999999999999999,0.9364529914529915,0.025960206985473633,0.21875,25,True,"{'method': 'hybrid_ensemble', 'methods_used': ['spacy_yake', 'rake_nltk', 'tf_idf'], 'consensus_score': np.float64(0.9364529914529915), 'total_methods': 3}"
spacy_yake,technical_vi,technical,vi,high,164,30,"['Thuật toán', 'toán machine', 'machine learning', 'learning cho', 'cho ứng', 'ngôn ngữ', 'nhiên trong', 'trong phân', 'phân tích', 'tích cảm', 'cảm xúc', 'xúc mạng', 'ứng dụng', 'Thuật', 'hội', 'dụng', 'Triển khai', 'attention mechanisms', 'toán', 'machine', 'learning', 'cho', 'ứng', 'ngôn', 'ngữ', 'nhiên', 'trong', 'phân', 'tích', 'cảm']","['thuật toán machine learning', 'ứng dụng xử lý ngôn ngữ tự nhiên', 'phân tích cảm xúc', 'mạng xã hội', 'transformer models', 'attention mechanisms']",0.36666666666666664,1.0,0.015596866607666016,0.34375,30,True,"{'method': 'spacy_yake', 'entities_count': 3, 'noun_chunks_count': 3, 'yake_keywords_count': 30, 'total_candidates': 36, 'final_count': 30}"
rake_nltk,technical_vi,technical,vi,high,164,30,"['thuật toán', 'toán machine', 'machine learning', 'learning cho', 'cho ứng', 'ứng dụng', 'dụng xử', 'xử lý', 'lý ngôn', 'ngôn ngữ', 'ngữ tự', 'tự nhiên', 'nhiên trong', 'trong phân', 'phân tích', 'tích cảm', 'cảm xúc', 'xúc mạng', 'mạng xã', 'xã hội']","['thuật toán machine learning', 'ứng dụng xử lý ngôn ngữ tự nhiên', 'phân tích cảm xúc', 'mạng xã hội', 'transformer models', 'attention mechanisms']",0.19999999999999998,1.0,0.00030994415283203125,0.0,20,True,"{'total_phrases': 2, 'method': 'rake_nltk', 'language': 'en'}"
textrank,technical_vi,technical,vi,high,164,30,[],"['thuật toán machine learning', 'ứng dụng xử lý ngôn ngữ tự nhiên', 'phân tích cảm xúc', 'mạng xã hội', 'transformer models', 'attention mechanisms']",0.0,0.0,0.0012981891632080078,0.0,0,False,"{'error': ""name 'Counter' is not defined"", 'method': 'textrank'}"
tf_idf,technical_vi,technical,vi,high,164,30,"['khai', 'trong', 'transformer models', 'attention mechanisms', 'learning cho', 'machine learning', 'cho', 'machine', 'transformer', 'machine learning cho', 'attention', 'models', 'khai transformer models', 'khai transformer models attention mechanisms', 'machine learning cho trong', 'machine learning cho trong khai', 'transformer models attention mechanisms', 'trong khai', 'trong khai transformer models', 'models attention']","['thuật toán machine learning', 'ứng dụng xử lý ngôn ngữ tự nhiên', 'phân tích cảm xúc', 'mạng xã hội', 'transformer models', 'attention mechanisms']",0.3833333333333333,0.1111924408357931,0.0009770393371582031,0.0,20,True,"{'method': 'tf_idf_enhanced', 'vocab_size': 20, 'corpus_size': 59, 'ngram_range': '(1,3)'}"
keybert,technical_vi,technical,vi,high,164,30,"['ứng dụng', 'triển khai', 'machine learning', 'transformer models', 'attention mechanisms']","['thuật toán machine learning', 'ứng dụng xử lý ngôn ngữ tự nhiên', 'phân tích cảm xúc', 'mạng xã hội', 'transformer models', 'attention mechanisms']",0.4333333333333333,0.69686,0.12916111946105957,11.3125,5,True,"{'method': 'keybert_semantic', 'model': 'all-MiniLM-L6-v2', 'diversity': 0.5}"
hybrid_ensemble,technical_vi,technical,vi,high,164,30,"['Thuật toán', 'machine learning', 'learning cho', 'toán machine', 'cho ứng', 'ngôn ngữ', 'nhiên trong', 'trong phân', 'phân tích', 'tích cảm', 'cảm xúc', 'xúc mạng', 'ứng dụng', 'dụng xử', 'xử lý', 'lý ngôn', 'ngữ tự', 'tự nhiên', 'mạng xã', 'xã hội', 'Thuật', 'hội', 'trong', 'attention mechanisms', 'machine']","['thuật toán machine learning', 'ứng dụng xử lý ngôn ngữ tự nhiên', 'phân tích cảm xúc', 'mạng xã hội', 'transformer models', 'attention mechanisms']",0.36666666666666664,0.9494824475988592,0.017735004425048828,0.265625,25,True,"{'method': 'hybrid_ensemble', 'methods_used': ['spacy_yake', 'rake_nltk', 'tf_idf'], 'consensus_score': np.float64(0.9494824475988592), 'total_methods': 3}"
spacy_yake,short_text_en,short_text,en,low,30,5,"['funding trends', 'startup funding', 'trends', 'startup', 'funding', 'funding trends']","['ai startup', 'funding trends', '2024']",0.6666666666666666,0.42289242136532873,0.002952098846435547,0.0,6,True,"{'method': 'spacy_yake', 'entities_count': 0, 'noun_chunks_count': 1, 'yake_keywords_count': 5, 'total_candidates': 6, 'final_count': 6}"
rake_nltk,short_text_en,short_text,en,low,30,5,"['startup funding', 'funding trends', 'trends 2024']","['ai startup', 'funding trends', '2024']",0.4333333333333333,1.0,0.0001552104949951172,0.0,3,True,"{'total_phrases': 1, 'method': 'rake_nltk', 'language': 'en'}"
textrank,short_text_en,short_text,en,low,30,5,[],"['ai startup', 'funding trends', '2024']",0.0,0.0,0.0005528926849365234,0.0,0,False,"{'error': ""name 'Counter' is not defined"", 'method': 'textrank'}"
tf_idf,short_text_en,short_text,en,low,30,5,"['artificial intelligence startup funding trends', 'funding trends', 'artificial intelligence', 'artificial intelligence startup', 'intelligence startup', 'intelligence startup funding', 'startup funding', 'startup funding trends', 'trends']","['ai startup', 'funding trends', '2024']",0.3333333333333333,0.24000000000000002,0.0005919933319091797,0.0,9,True,"{'method': 'tf_idf_enhanced', 'vocab_size': 9, 'corpus_size': 11, 'ngram_range': '(1,3)'}"
keybert,short_text_en,short_text,en,low,30,5,"['2024', 'startup', 'trends', 'ai', 'startup funding']","['ai startup', 'funding trends', '2024']",0.5333333333333333,0.7111,0.38705992698669434,9.90625,5,True,"{'method': 'keybert_semantic', 'model': 'all-MiniLM-L6-v2', 'diversity': 0.5}"
hybrid_ensemble,short_text_en,short_text,en,low,30,5,"['funding trends', 'startup funding', 'trends 2024', 'trends', 'startup', 'funding', 'artificial intelligence startup funding trends', 'artificial intelligence', 'artificial intelligence startup', 'intelligence startup', 'intelligence startup funding', 'startup funding trends']","['ai startup', 'funding trends', '2024']",0.5333333333333333,0.804297473788443,0.004216194152832031,0.0,12,True,"{'method': 'hybrid_ensemble', 'methods_used': ['spacy_yake', 'rake_nltk', 'tf_idf'], 'consensus_score': np.float64(0.804297473788443), 'total_methods': 3}"
spacy_yake,short_text_vi,short_text,vi,low,31,7,"['hướng đầu', 'hướng', 'đầu', 'startup', 'Xu hướng đầu', 'AI']","['xu hướng đầu tư', 'startup ai', '2024']",0.19999999999999998,0.5556358527397521,0.002733945846557617,0.0,6,True,"{'method': 'spacy_yake', 'entities_count': 2, 'noun_chunks_count': 0, 'yake_keywords_count': 4, 'total_candidates': 6, 'final_count': 6}"
rake_nltk,short_text_vi,short_text,vi,low,31,7,"['xu hướng', 'hướng đầu', 'đầu tư', 'tư startup']","['xu hướng đầu tư', 'startup ai', '2024']",0.09999999999999999,1.0,0.0001862049102783203,0.0,4,False,"{'total_phrases': 1, 'method': 'rake_nltk', 'language': 'en'}"
textrank,short_text_vi,short_text,vi,low,31,7,[],"['xu hướng đầu tư', 'startup ai', '2024']",0.0,0.0,0.0005648136138916016,0.0,0,False,"{'error': ""name 'Counter' is not defined"", 'method': 'textrank'}"
tf_idf,short_text_vi,short_text,vi,low,31,7,"['xu', 'startup artificial intelligence', 'artificial intelligence', 'startup artificial', 'startup', 'xu startup artificial intelligence', 'intelligence']","['xu hướng đầu tư', 'startup ai', '2024']",0.19999999999999998,0.24267857485918104,0.0006589889526367188,0.0,7,True,"{'method': 'tf_idf_enhanced', 'vocab_size': 7, 'corpus_size': 15, 'ngram_range': '(1,3)'}"
keybert,short_text_vi,short_text,vi,low,31,7,"['ai', '2024', 'startup', 'xu', 'hướng đầu']","['xu hướng đầu tư', 'startup ai', '2024']",0.5333333333333333,0.709,0.227586030960083,10.96875,5,True,"{'method': 'keybert_semantic', 'model': 'all-MiniLM-L6-v2', 'diversity': 0.5}"
hybrid_ensemble,short_text_vi,short_text,vi,low,31,7,"['hướng đầu', 'xu hướng', 'đầu tư', 'tư startup', 'startup', 'hướng', 'đầu', 'Xu hướng đầu', 'AI', 'xu', 'startup artificial intelligence', 'artificial intelligence', 'startup artificial', 'xu startup artificial intelligence', 'intelligence']","['xu hướng đầu tư', 'startup ai', '2024']",0.19999999999999998,0.8372159203107555,0.004055976867675781,0.171875,15,True,"{'method': 'hybrid_ensemble', 'methods_used': ['spacy_yake', 'rake_nltk', 'tf_idf'], 'consensus_score': np.float64(0.8372159203107555), 'total_methods': 3}"
spacy_yake,challenging_en,challenging,en,very_high,196,21,"['computer scientists', 'optimization problems', 'quantum computing', 'computing paradigm', 'paradigm shift', 'shift necessitates', 'necessitates interdisciplinary', 'interdisciplinary collaboration', 'physicists', 'computer', 'scientists', 'problems', 'quantum', 'computing', 'paradigm', 'shift', 'necessitates', 'interdisciplinary', 'collaboration', 'mathematicians', 'develop', 'algorithms', 'optimization', 'interdisciplinary collaboration', 'computer scientists', 'novel algorithms', 'optimization problems']","['quantum computing', 'paradigm shift', 'interdisciplinary collaboration', 'physicists', 'computer scientists', 'mathematicians', 'novel algorithms', 'optimization problems']",1.2625,1.0,0.025458812713623047,0.25,27,True,"{'method': 'spacy_yake', 'entities_count': 0, 'noun_chunks_count': 4, 'yake_keywords_count': 23, 'total_candidates': 27, 'final_count': 27}"
rake_nltk,challenging_en,challenging,en,very_high,196,21,"['the quantum', 'quantum computing', 'computing paradigm', 'paradigm shift', 'shift necessitates', 'necessitates interdisciplinary', 'interdisciplinary collaboration', 'collaboration between', 'between physicists', 'and mathematicians', 'mathematicians to', 'to develop', 'develop novel', 'novel algorithms', 'algorithms for', 'for optimization', 'optimization problems', 'computer scientists']","['quantum computing', 'paradigm shift', 'interdisciplinary collaboration', 'physicists', 'computer scientists', 'mathematicians', 'novel algorithms', 'optimization problems']",0.825,1.0,0.00029397010803222656,0.0,18,True,"{'total_phrases': 3, 'method': 'rake_nltk', 'language': 'en'}"
textrank,challenging_en,challenging,en,very_high,196,21,[],"['quantum computing', 'paradigm shift', 'interdisciplinary collaboration', 'physicists', 'computer scientists', 'mathematicians', 'novel algorithms', 'optimization problems']",0.0,0.0,0.0010149478912353516,0.0,0,False,"{'error': ""name 'Counter' is not defined"", 'method': 'textrank'}"
tf_idf,challenging_en,challenging,en,very_high,196,21,"['the quantum computing paradigm shift necessitates interdisciplinary collaboration between physicists computer scientists and mathematicians to develop novel algorithms for optimization problems', 'algorithms for', 'algorithms for optimization', 'and mathematicians', 'and mathematicians to', 'between physicists', 'between physicists computer', 'collaboration between', 'collaboration between physicists', 'computer scientists', 'computer scientists and', 'computing paradigm', 'computing paradigm shift', 'develop novel', 'develop novel algorithms', 'for optimization', 'for optimization problems', 'interdisciplinary collaboration', 'interdisciplinary collaboration between', 'mathematicians to']","['quantum computing', 'paradigm shift', 'interdisciplinary collaboration', 'physicists', 'computer scientists', 'mathematicians', 'novel algorithms', 'optimization problems']",0.475,0.06439024390243903,0.0008392333984375,0.0,20,True,"{'method': 'tf_idf_enhanced', 'vocab_size': 40, 'corpus_size': 41, 'ngram_range': '(1,3)'}"
keybert,challenging_en,challenging,en,very_high,196,21,"['optimization problems', 'collaboration', 'novel algorithms', 'necessitates interdisciplinary', 'quantum']","['quantum computing', 'paradigm shift', 'interdisciplinary collaboration', 'physicists', 'computer scientists', 'mathematicians', 'novel algorithms', 'optimization problems']",0.32499999999999996,0.66576,0.12581610679626465,11.40625,5,True,"{'method': 'keybert_semantic', 'model': 'all-MiniLM-L6-v2', 'diversity': 0.5}"
hybrid_ensemble,challenging_en,challenging,en,very_high,196,21,"['interdisciplinary collaboration', 'computing paradigm', 'quantum computing', 'paradigm shift', 'shift necessitates', 'necessitates interdisciplinary', 'collaboration between', 'between physicists', 'the quantum', 'optimization problems', 'novel algorithms', 'and mathematicians', 'mathematicians to', 'develop novel', 'algorithms for', 'for optimization', 'to develop', 'computer scientists', 'physicists', 'computer', 'scientists', 'problems', 'quantum', 'computing', 'paradigm']","['quantum computing', 'paradigm shift', 'interdisciplinary collaboration', 'physicists', 'computer scientists', 'mathematicians', 'novel algorithms', 'optimization problems']",0.9124999999999999,0.9385176782000378,0.026381969451904297,0.40625,25,True,"{'method': 'hybrid_ensemble', 'methods_used': ['spacy_yake', 'rake_nltk', 'tf_idf'], 'consensus_score': np.float64(0.9385176782000378), 'total_methods': 3}"
spacy_yake,challenging_vi,challenging,vi,very_high,183,42,"['khoa học', 'thay đổi', 'hình trong', 'trong điện', 'đòi hỏi', 'hợp tác', 'tác liên', 'liên ngành', 'ngành giữa', 'nhà vật', 'máy tính', 'phát triển', 'mới cho', 'cho bài', 'giữa các', 'các nhà', 'học máy', 'triển các', 'các thuật', 'điện toán', 'toán lượng', 'thuật toán', 'toán mới', 'bài toán', 'toán tối', 'toán học', 'toán', 'các', 'học', 'khoa']","['thay đổi mô hình', 'điện toán lượng tử', 'hợp tác liên ngành', 'nhà vật lý', 'khoa học máy tính', 'toán học', 'thuật toán mới', 'bài toán tối ưu hóa']",0.38749999999999996,1.0,0.01855778694152832,0.234375,30,True,"{'method': 'spacy_yake', 'entities_count': 6, 'noun_chunks_count': 1, 'yake_keywords_count': 30, 'total_candidates': 37, 'final_count': 30}"
rake_nltk,challenging_vi,challenging,vi,very_high,183,42,"['sự thay', 'thay đổi', 'đổi mô', 'mô hình', 'hình trong', 'trong điện', 'điện toán', 'toán lượng', 'lượng tử', 'tử đòi', 'đòi hỏi', 'hỏi sự', 'sự hợp', 'hợp tác', 'tác liên', 'liên ngành', 'ngành giữa', 'giữa các', 'các nhà', 'nhà vật']","['thay đổi mô hình', 'điện toán lượng tử', 'hợp tác liên ngành', 'nhà vật lý', 'khoa học máy tính', 'toán học', 'thuật toán mới', 'bài toán tối ưu hóa']",0.15,1.0,0.0003383159637451172,0.0,20,True,"{'total_phrases': 2, 'method': 'rake_nltk', 'language': 'en'}"
textrank,challenging_vi,challenging,vi,very_high,183,42,[],"['thay đổi mô hình', 'điện toán lượng tử', 'hợp tác liên ngành', 'nhà vật lý', 'khoa học máy tính', 'toán học', 'thuật toán mới', 'bài toán tối ưu hóa']",0.0,0.0,0.0012247562408447266,0.0,0,False,"{'error': ""name 'Counter' is not defined"", 'method': 'textrank'}"
tf_idf,challenging_vi,challenging,vi,very_high,183,42,"['cho', 'khoa', 'trong', 'thay']","['thay đổi mô hình', 'điện toán lượng tử', 'hợp tác liên ngành', 'nhà vật lý', 'khoa học máy tính', 'toán học', 'thuật toán mới', 'bài toán tối ưu hóa']",0.075,0.08048869793157824,0.0008969306945800781,0.0,4,False,"{'method': 'tf_idf_enhanced', 'vocab_size': 9, 'corpus_size': 83, 'ngram_range': '(1,3)'}"
keybert,challenging_vi,challenging,vi,very_high,183,42,"['liên ngành', 'toán tối', 'hình trong', 'khoa học', 'để phát']","['thay đổi mô hình', 'điện toán lượng tử', 'hợp tác liên ngành', 'nhà vật lý', 'khoa học máy tính', 'toán học', 'thuật toán mới', 'bài toán tối ưu hóa']",0.11249999999999999,0.76826,0.1497197151184082,12.46875,5,True,"{'method': 'keybert_semantic', 'model': 'all-MiniLM-L6-v2', 'diversity': 0.5}"
hybrid_ensemble,challenging_vi,challenging,vi,very_high,183,42,"['thay đổi', 'hình trong', 'trong điện', 'đòi hỏi', 'hợp tác', 'tác liên', 'liên ngành', 'ngành giữa', 'nhà vật', 'giữa các', 'các nhà', 'điện toán', 'toán lượng', 'sự thay', 'đổi mô', 'mô hình', 'lượng tử', 'tử đòi', 'hỏi sự', 'sự hợp', 'khoa học', 'máy tính', 'phát triển', 'mới cho', 'cho bài']","['thay đổi mô hình', 'điện toán lượng tử', 'hợp tác liên ngành', 'nhà vật lý', 'khoa học máy tính', 'toán học', 'thuật toán mới', 'bài toán tối ưu hóa']",0.1875,0.9384962326438594,0.020087003707885742,0.265625,25,True,"{'method': 'hybrid_ensemble', 'methods_used': ['spacy_yake', 'rake_nltk', 'tf_idf'], 'consensus_score': np.float64(0.9384962326438594), 'total_methods': 3}"
